uf;ano;pct_participacao
AC;2024;0.02715961516464802
AL;2024;0.04376905452335264
AM;2024;0.06624642374850163
AP;2024;0.02827793902228207
BA;2024;0.044982613765069
CE;2024;0.06960453852513268
DF;2024;0.05927864863651147
ES;2024;0.041797602648591954
GO;2024;0.053483026782195665
MA;2024;0.03574595489971387
MG;2024;0.050093081487627734
MS;2024;0.04559642956795743
MT;2024;0.041183968429605894
PA;2024;0.04013677675462789
PB;2024;0.05468686397212468
PE;2024;0.04820990108637944
PI;2024;0.03584241430249905
PR;2024;0.05286801707610431
RJ;2024;0.07032419425244962
RN;2024;0.04419432017353952
RO;2024;0.029307758520882517
RR;2024;0.03701525054466231
RS;2024;0.05871156734358039
SC;2024;0.06012665785033106
SE;2024;0.04582129844252779
SP;2024;0.07551220542242604
TO;2024;0.04124671231950087
